{
"mem4_interleaving0": {
"0": 158.396873,
"1": 158.235570,
"2": 158.746392
},
"mem4_interleaving1": {
"0": 163.184080,
"1": 163.079406,
"2": 163.731387
},
"mem5_interleaving0": {
"0": 170.632634,
"1": 170.563281,
"2": 171.073063
},
"mem5_interleaving1": {
"0": 168.799464,
"1": 168.658850,
"2": 169.002039
},
"mem6_interleaving0": {
"0": 164.319951,
"1": 164.153230,
"2": 162.704095
},
"mem6_interleaving1": {
"0": 168.496121,
"1": 168.339738,
"2": 166.974755
},
"mem7_interleaving0": {
"0": 176.210140,
"1": 176.084194,
"2": 174.802429
},
"mem7_interleaving1": {
"0": 174.526239,
"1": 174.301318,
"2": 172.937689
},
"mem0_interleaving0": {
"0": 137.579904,
"1": 137.354228,
"2": 137.340615
},
"mem1_interleaving0": {
"0": 149.652617,
"1": 149.437410,
"2": 148.275787
}
}